{"stats":{"minecraft:picked_up":{"minecraft:spruce_sapling":1,"minecraft:rotten_flesh":2,"minecraft:spruce_log":6},"minecraft:mined":{"minecraft:spruce_log":5},"minecraft:custom":{"minecraft:jump":11,"minecraft:time_since_rest":2700,"minecraft:damage_taken":45,"minecraft:walk_one_cm":4825,"minecraft:damage_dealt":50,"minecraft:crouch_one_cm":112,"minecraft:leave_game":4,"minecraft:sprint_one_cm":3008,"minecraft:play_time":2700,"minecraft:time_since_death":2700,"minecraft:sneak_time":19,"minecraft:total_world_time":2700,"minecraft:fall_one_cm":544,"minecraft:fly_one_cm":916}},"DataVersion":3955}