{"stats":{"minecraft:used":{"minecraft:spruce_planks":4},"minecraft:crafted":{"minecraft:spruce_planks":8},"minecraft:picked_up":{"minecraft:spruce_sapling":1,"minecraft:spruce_log":2,"minecraft:mutton":2,"minecraft:white_wool":1},"minecraft:custom":{"minecraft:time_since_rest":8125,"minecraft:sprint_one_cm":5544,"minecraft:play_time":8125,"minecraft:walk_one_cm":3013,"minecraft:sneak_time":14,"minecraft:mob_kills":1,"minecraft:drop":1,"minecraft:jump":24,"minecraft:damage_dealt":80,"minecraft:leave_game":2,"minecraft:time_since_death":8125,"minecraft:total_world_time":8125,"minecraft:fall_one_cm":1061,"minecraft:fly_one_cm":2881},"minecraft:dropped":{"minecraft:spruce_sapling":1},"minecraft:mined":{"minecraft:spruce_leaves":3,"minecraft:spruce_log":2,"minecraft:fern":2},"minecraft:killed":{"minecraft:sheep":1}},"DataVersion":3955}