{"stats":{"minecraft:killed_by":{"minecraft:zombie":1},"minecraft:used":{"minecraft:sweet_berries":4,"minecraft:spruce_log":3},"minecraft:picked_up":{"minecraft:sweet_berries":4,"minecraft:wheat_seeds":2,"minecraft:spruce_log":3,"minecraft:mutton":4,"minecraft:white_wool":2},"minecraft:custom":{"minecraft:time_since_rest":28483,"minecraft:crouch_one_cm":608,"minecraft:play_time":29445,"minecraft:sprint_one_cm":16489,"minecraft:walk_one_cm":7272,"minecraft:damage_taken":280,"minecraft:deaths":1,"minecraft:sneak_time":353,"minecraft:walk_under_water_one_cm":281,"minecraft:mob_kills":2,"minecraft:drop":4,"minecraft:jump":107,"minecraft:damage_dealt":298,"minecraft:leave_game":1,"minecraft:time_since_death":27558,"minecraft:walk_on_water_one_cm":760,"minecraft:total_world_time":29445,"minecraft:fall_one_cm":4595,"minecraft:fly_one_cm":18400},"minecraft:dropped":{"minecraft:wheat_seeds":2,"minecraft:mutton":4,"minecraft:white_wool":2},"minecraft:mined":{"minecraft:short_grass":2,"minecraft:spruce_log":3,"minecraft:fern":1},"minecraft:killed":{"minecraft:sheep":2}},"DataVersion":3955}