{"stats":{"minecraft:used":{"minecraft:stone_axe":1,"minecraft:mossy_cobblestone":2,"minecraft:dirt":5,"minecraft:crafting_table":1,"minecraft:stone_pickaxe":14,"minecraft:wooden_pickaxe":24,"minecraft:spruce_sapling":1},"minecraft:picked_up":{"minecraft:crafting_table":1,"minecraft:stick":1,"minecraft:spruce_planks":4,"minecraft:spruce_sapling":1,"minecraft:spruce_log":9,"minecraft:cobblestone":38,"minecraft:dirt":9,"minecraft:mossy_cobblestone":2},"minecraft:mined":{"minecraft:spruce_planks":4,"minecraft:stone":38,"minecraft:spruce_log":10,"minecraft:spruce_leaves":5,"minecraft:crafting_table":1},"minecraft:killed":{"minecraft:zombie":1},"minecraft:custom":{"minecraft:time_since_rest":7759,"minecraft:crouch_one_cm":4933,"minecraft:sprint_one_cm":26260,"minecraft:play_time":7759,"minecraft:damage_taken":132,"minecraft:walk_one_cm":15789,"minecraft:sneak_time":1415,"minecraft:mob_kills":1,"minecraft:jump":182,"minecraft:damage_dealt":143,"minecraft:leave_game":2,"minecraft:time_since_death":7759,"minecraft:total_world_time":7759,"minecraft:interact_with_crafting_table":11,"minecraft:fall_one_cm":6088,"minecraft:fly_one_cm":31839},"minecraft:crafted":{"minecraft:furnace":1,"minecraft:stone_axe":1,"minecraft:crafting_table":1,"minecraft:spruce_planks":36,"minecraft:stick":8,"minecraft:stone_pickaxe":1,"minecraft:wooden_pickaxe":1}},"DataVersion":3955}