{"minecraft:recipes/decorations/crafting_table":{"criteria":{"unlock_right_away":"2024-11-11 20:28:02 +0000"},"done":true},"minecraft:adventure/adventuring_time":{"criteria":{"minecraft:old_growth_spruce_taiga":"2024-11-11 20:28:03 +0000"},"done":false},"minecraft:recipes/building_blocks/spruce_planks":{"criteria":{"has_logs":"2024-11-11 20:30:31 +0000"},"done":true},"minecraft:recipes/misc/charcoal":{"criteria":{"has_log":"2024-11-11 20:30:31 +0000"},"done":true},"minecraft:recipes/building_blocks/spruce_wood":{"criteria":{"has_log":"2024-11-11 20:30:31 +0000"},"done":true},"DataVersion":3955}